time,tl_id,current_phase,queue_len,action,camera_detected
1,cluster_1345077844_2589681474_8228683608_8228683609,0,0,HOLD,11
4,cluster_1345077844_2589681474_8228683608_8228683609,0,1,HOLD,11
7,cluster_1345077844_2589681474_8228683608_8228683609,0,1,HOLD,12
10,cluster_1345077844_2589681474_8228683608_8228683609,0,2,CHANGE_DEMAND,12
13,cluster_1345077844_2589681474_8228683608_8228683609,6,6,HOLD,10
16,cluster_1345077844_2589681474_8228683608_8228683609,6,5,HOLD,10
19,cluster_1345077844_2589681474_8228683608_8228683609,6,4,HOLD,11
22,cluster_1345077844_2589681474_8228683608_8228683609,6,4,HOLD,11
25,cluster_1345077844_2589681474_8228683608_8228683609,6,4,CHANGE_DEMAND,11
28,cluster_1345077844_2589681474_8228683608_8228683609,2,3,HOLD,13
31,cluster_1345077844_2589681474_8228683608_8228683609,2,2,HOLD,11
34,cluster_1345077844_2589681474_8228683608_8228683609,2,1,HOLD,11
37,cluster_1345077844_2589681474_8228683608_8228683609,2,0,CHANGE_DEMAND,10
40,cluster_1345077844_2589681474_8228683608_8228683609,6,10,HOLD,10
43,cluster_1345077844_2589681474_8228683608_8228683609,6,7,HOLD,10
46,cluster_1345077844_2589681474_8228683608_8228683609,6,6,HOLD,12
49,cluster_1345077844_2589681474_8228683608_8228683609,6,5,CHANGE_DEMAND,11
52,cluster_1345077844_2589681474_8228683608_8228683609,4,6,HOLD,11
55,cluster_1345077844_2589681474_8228683608_8228683609,4,5,HOLD,11
58,cluster_1345077844_2589681474_8228683608_8228683609,4,4,HOLD,11
61,cluster_1345077844_2589681474_8228683608_8228683609,4,2,CHANGE_DEMAND,11
64,cluster_1345077844_2589681474_8228683608_8228683609,6,10,HOLD,12
67,cluster_1345077844_2589681474_8228683608_8228683609,6,7,HOLD,12
70,cluster_1345077844_2589681474_8228683608_8228683609,6,6,HOLD,12
73,cluster_1345077844_2589681474_8228683608_8228683609,6,6,CHANGE_DEMAND,12
76,cluster_1345077844_2589681474_8228683608_8228683609,0,7,HOLD,13
79,cluster_1345077844_2589681474_8228683608_8228683609,0,7,HOLD,13
82,cluster_1345077844_2589681474_8228683608_8228683609,0,6,HOLD,12
85,cluster_1345077844_2589681474_8228683608_8228683609,0,5,CHANGE_DEMAND,11
88,cluster_1345077844_2589681474_8228683608_8228683609,6,10,HOLD,11
91,cluster_1345077844_2589681474_8228683608_8228683609,6,8,HOLD,10
94,cluster_1345077844_2589681474_8228683608_8228683609,6,6,HOLD,10
97,cluster_1345077844_2589681474_8228683608_8228683609,6,6,CHANGE_DEMAND,10
100,cluster_1345077844_2589681474_8228683608_8228683609,0,7,HOLD,10
103,cluster_1345077844_2589681474_8228683608_8228683609,0,6,HOLD,11
106,cluster_1345077844_2589681474_8228683608_8228683609,0,4,HOLD,10
109,cluster_1345077844_2589681474_8228683608_8228683609,0,4,CHANGE_DEMAND,0
112,cluster_1345077844_2589681474_8228683608_8228683609,6,10,HOLD,0
115,cluster_1345077844_2589681474_8228683608_8228683609,6,8,HOLD,0
118,cluster_1345077844_2589681474_8228683608_8228683609,6,6,HOLD,0
121,cluster_1345077844_2589681474_8228683608_8228683609,6,5,CHANGE_DEMAND,0
124,cluster_1345077844_2589681474_8228683608_8228683609,4,7,HOLD,0
127,cluster_1345077844_2589681474_8228683608_8228683609,4,7,HOLD,0
130,cluster_1345077844_2589681474_8228683608_8228683609,4,5,HOLD,0
133,cluster_1345077844_2589681474_8228683608_8228683609,4,5,CHANGE_DEMAND,0
136,cluster_1345077844_2589681474_8228683608_8228683609,6,10,HOLD,0
139,cluster_1345077844_2589681474_8228683608_8228683609,6,7,HOLD,0
142,cluster_1345077844_2589681474_8228683608_8228683609,6,6,HOLD,0
145,cluster_1345077844_2589681474_8228683608_8228683609,6,6,CHANGE_DEMAND,0
148,cluster_1345077844_2589681474_8228683608_8228683609,0,9,HOLD,0
151,cluster_1345077844_2589681474_8228683608_8228683609,0,8,HOLD,0
154,cluster_1345077844_2589681474_8228683608_8228683609,0,6,HOLD,0
157,cluster_1345077844_2589681474_8228683608_8228683609,0,5,CHANGE_DEMAND,0
160,cluster_1345077844_2589681474_8228683608_8228683609,6,10,HOLD,0
163,cluster_1345077844_2589681474_8228683608_8228683609,6,8,HOLD,0
166,cluster_1345077844_2589681474_8228683608_8228683609,6,6,HOLD,0
169,cluster_1345077844_2589681474_8228683608_8228683609,6,6,CHANGE_DEMAND,0
172,cluster_1345077844_2589681474_8228683608_8228683609,4,8,HOLD,0
175,cluster_1345077844_2589681474_8228683608_8228683609,4,7,HOLD,0
178,cluster_1345077844_2589681474_8228683608_8228683609,4,7,HOLD,0
181,cluster_1345077844_2589681474_8228683608_8228683609,4,5,CHANGE_DEMAND,0
184,cluster_1345077844_2589681474_8228683608_8228683609,6,10,HOLD,0
187,cluster_1345077844_2589681474_8228683608_8228683609,6,7,HOLD,0
190,cluster_1345077844_2589681474_8228683608_8228683609,6,6,HOLD,0
193,cluster_1345077844_2589681474_8228683608_8228683609,6,5,CHANGE_DEMAND,0
196,cluster_1345077844_2589681474_8228683608_8228683609,0,11,HOLD,0
199,cluster_1345077844_2589681474_8228683608_8228683609,0,9,HOLD,0
202,cluster_1345077844_2589681474_8228683608_8228683609,0,8,HOLD,0
205,cluster_1345077844_2589681474_8228683608_8228683609,0,6,CHANGE_DEMAND,0
208,cluster_1345077844_2589681474_8228683608_8228683609,6,10,HOLD,0
211,cluster_1345077844_2589681474_8228683608_8228683609,6,9,HOLD,0
214,cluster_1345077844_2589681474_8228683608_8228683609,6,8,HOLD,0
217,cluster_1345077844_2589681474_8228683608_8228683609,6,6,CHANGE_DEMAND,0
220,cluster_1345077844_2589681474_8228683608_8228683609,4,8,HOLD,0
223,cluster_1345077844_2589681474_8228683608_8228683609,4,7,HOLD,0
226,cluster_1345077844_2589681474_8228683608_8228683609,4,6,HOLD,0
229,cluster_1345077844_2589681474_8228683608_8228683609,4,5,CHANGE_DEMAND,0
232,cluster_1345077844_2589681474_8228683608_8228683609,6,10,HOLD,0
235,cluster_1345077844_2589681474_8228683608_8228683609,6,8,HOLD,0
238,cluster_1345077844_2589681474_8228683608_8228683609,6,6,HOLD,0
241,cluster_1345077844_2589681474_8228683608_8228683609,6,6,CHANGE_DEMAND,0
244,cluster_1345077844_2589681474_8228683608_8228683609,4,8,HOLD,0
247,cluster_1345077844_2589681474_8228683608_8228683609,4,7,HOLD,0
250,cluster_1345077844_2589681474_8228683608_8228683609,4,6,HOLD,0
253,cluster_1345077844_2589681474_8228683608_8228683609,4,5,CHANGE_DEMAND,0
256,cluster_1345077844_2589681474_8228683608_8228683609,6,10,HOLD,0
259,cluster_1345077844_2589681474_8228683608_8228683609,6,8,HOLD,0
262,cluster_1345077844_2589681474_8228683608_8228683609,6,6,HOLD,0
265,cluster_1345077844_2589681474_8228683608_8228683609,6,6,CHANGE_DEMAND,0
268,cluster_1345077844_2589681474_8228683608_8228683609,0,10,HOLD,0
271,cluster_1345077844_2589681474_8228683608_8228683609,0,9,HOLD,0
274,cluster_1345077844_2589681474_8228683608_8228683609,0,9,HOLD,0
277,cluster_1345077844_2589681474_8228683608_8228683609,0,8,CHANGE_DEMAND,0
280,cluster_1345077844_2589681474_8228683608_8228683609,6,10,HOLD,0
283,cluster_1345077844_2589681474_8228683608_8228683609,6,8,HOLD,0
286,cluster_1345077844_2589681474_8228683608_8228683609,6,6,HOLD,0
289,cluster_1345077844_2589681474_8228683608_8228683609,6,6,CHANGE_DEMAND,0
292,cluster_1345077844_2589681474_8228683608_8228683609,0,10,HOLD,0
295,cluster_1345077844_2589681474_8228683608_8228683609,0,8,HOLD,0
298,cluster_1345077844_2589681474_8228683608_8228683609,0,7,HOLD,0
301,cluster_1345077844_2589681474_8228683608_8228683609,0,6,CHANGE_DEMAND,0
304,cluster_1345077844_2589681474_8228683608_8228683609,6,10,HOLD,0
307,cluster_1345077844_2589681474_8228683608_8228683609,6,8,HOLD,0
310,cluster_1345077844_2589681474_8228683608_8228683609,6,6,HOLD,0
313,cluster_1345077844_2589681474_8228683608_8228683609,6,6,CHANGE_DEMAND,0
316,cluster_1345077844_2589681474_8228683608_8228683609,4,8,HOLD,0
319,cluster_1345077844_2589681474_8228683608_8228683609,4,7,HOLD,0
322,cluster_1345077844_2589681474_8228683608_8228683609,4,7,HOLD,0
325,cluster_1345077844_2589681474_8228683608_8228683609,4,5,CHANGE_DEMAND,0
328,cluster_1345077844_2589681474_8228683608_8228683609,6,10,HOLD,0
331,cluster_1345077844_2589681474_8228683608_8228683609,6,8,HOLD,0
334,cluster_1345077844_2589681474_8228683608_8228683609,6,6,HOLD,0
337,cluster_1345077844_2589681474_8228683608_8228683609,6,6,CHANGE_DEMAND,0
340,cluster_1345077844_2589681474_8228683608_8228683609,0,8,HOLD,0
343,cluster_1345077844_2589681474_8228683608_8228683609,0,7,HOLD,0
346,cluster_1345077844_2589681474_8228683608_8228683609,0,6,HOLD,0
349,cluster_1345077844_2589681474_8228683608_8228683609,0,5,CHANGE_DEMAND,0
352,cluster_1345077844_2589681474_8228683608_8228683609,6,10,HOLD,0
355,cluster_1345077844_2589681474_8228683608_8228683609,6,8,HOLD,0
358,cluster_1345077844_2589681474_8228683608_8228683609,6,6,HOLD,0
361,cluster_1345077844_2589681474_8228683608_8228683609,6,5,CHANGE_DEMAND,0
364,cluster_1345077844_2589681474_8228683608_8228683609,4,8,HOLD,0
367,cluster_1345077844_2589681474_8228683608_8228683609,4,7,HOLD,0
370,cluster_1345077844_2589681474_8228683608_8228683609,4,7,HOLD,0
373,cluster_1345077844_2589681474_8228683608_8228683609,4,5,CHANGE_DEMAND,0
376,cluster_1345077844_2589681474_8228683608_8228683609,6,10,HOLD,0
379,cluster_1345077844_2589681474_8228683608_8228683609,6,8,HOLD,0
382,cluster_1345077844_2589681474_8228683608_8228683609,6,7,HOLD,0
385,cluster_1345077844_2589681474_8228683608_8228683609,6,6,CHANGE_DEMAND,0
388,cluster_1345077844_2589681474_8228683608_8228683609,0,8,HOLD,0
391,cluster_1345077844_2589681474_8228683608_8228683609,0,7,HOLD,0
394,cluster_1345077844_2589681474_8228683608_8228683609,0,6,HOLD,0
397,cluster_1345077844_2589681474_8228683608_8228683609,0,6,CHANGE_DEMAND,0
400,cluster_1345077844_2589681474_8228683608_8228683609,6,10,HOLD,0
403,cluster_1345077844_2589681474_8228683608_8228683609,6,8,HOLD,0
406,cluster_1345077844_2589681474_8228683608_8228683609,6,7,HOLD,0
409,cluster_1345077844_2589681474_8228683608_8228683609,6,6,CHANGE_DEMAND,0
412,cluster_1345077844_2589681474_8228683608_8228683609,4,8,HOLD,0
415,cluster_1345077844_2589681474_8228683608_8228683609,4,7,HOLD,0
418,cluster_1345077844_2589681474_8228683608_8228683609,4,7,HOLD,0
421,cluster_1345077844_2589681474_8228683608_8228683609,4,5,CHANGE_DEMAND,0
424,cluster_1345077844_2589681474_8228683608_8228683609,6,10,HOLD,0
427,cluster_1345077844_2589681474_8228683608_8228683609,6,7,HOLD,0
430,cluster_1345077844_2589681474_8228683608_8228683609,6,6,HOLD,0
433,cluster_1345077844_2589681474_8228683608_8228683609,6,6,CHANGE_DEMAND,0
436,cluster_1345077844_2589681474_8228683608_8228683609,4,8,HOLD,0
439,cluster_1345077844_2589681474_8228683608_8228683609,4,7,HOLD,0
442,cluster_1345077844_2589681474_8228683608_8228683609,4,6,HOLD,0
445,cluster_1345077844_2589681474_8228683608_8228683609,4,5,CHANGE_DEMAND,0
448,cluster_1345077844_2589681474_8228683608_8228683609,6,10,HOLD,0
451,cluster_1345077844_2589681474_8228683608_8228683609,6,7,HOLD,0
454,cluster_1345077844_2589681474_8228683608_8228683609,6,5,HOLD,0
457,cluster_1345077844_2589681474_8228683608_8228683609,6,5,CHANGE_DEMAND,0
460,cluster_1345077844_2589681474_8228683608_8228683609,0,9,HOLD,0
463,cluster_1345077844_2589681474_8228683608_8228683609,0,7,HOLD,0
466,cluster_1345077844_2589681474_8228683608_8228683609,0,6,HOLD,0
469,cluster_1345077844_2589681474_8228683608_8228683609,0,5,CHANGE_DEMAND,0
472,cluster_1345077844_2589681474_8228683608_8228683609,6,10,HOLD,0
475,cluster_1345077844_2589681474_8228683608_8228683609,6,8,HOLD,0
478,cluster_1345077844_2589681474_8228683608_8228683609,6,7,HOLD,0
481,cluster_1345077844_2589681474_8228683608_8228683609,6,6,CHANGE_DEMAND,0
484,cluster_1345077844_2589681474_8228683608_8228683609,4,8,HOLD,0
487,cluster_1345077844_2589681474_8228683608_8228683609,4,7,HOLD,0
490,cluster_1345077844_2589681474_8228683608_8228683609,4,6,HOLD,0
493,cluster_1345077844_2589681474_8228683608_8228683609,4,5,CHANGE_DEMAND,0
496,cluster_1345077844_2589681474_8228683608_8228683609,6,10,HOLD,0
499,cluster_1345077844_2589681474_8228683608_8228683609,6,8,HOLD,0
502,cluster_1345077844_2589681474_8228683608_8228683609,6,6,HOLD,0
505,cluster_1345077844_2589681474_8228683608_8228683609,6,6,CHANGE_DEMAND,0
508,cluster_1345077844_2589681474_8228683608_8228683609,0,9,HOLD,0
511,cluster_1345077844_2589681474_8228683608_8228683609,0,9,HOLD,0
514,cluster_1345077844_2589681474_8228683608_8228683609,0,8,HOLD,0
517,cluster_1345077844_2589681474_8228683608_8228683609,0,7,CHANGE_DEMAND,0
520,cluster_1345077844_2589681474_8228683608_8228683609,6,10,HOLD,0
523,cluster_1345077844_2589681474_8228683608_8228683609,6,8,HOLD,0
526,cluster_1345077844_2589681474_8228683608_8228683609,6,6,HOLD,0
529,cluster_1345077844_2589681474_8228683608_8228683609,6,6,CHANGE_DEMAND,0
532,cluster_1345077844_2589681474_8228683608_8228683609,0,9,HOLD,0
535,cluster_1345077844_2589681474_8228683608_8228683609,0,8,HOLD,0
538,cluster_1345077844_2589681474_8228683608_8228683609,0,6,HOLD,0
541,cluster_1345077844_2589681474_8228683608_8228683609,0,5,CHANGE_DEMAND,0
544,cluster_1345077844_2589681474_8228683608_8228683609,6,10,HOLD,0
547,cluster_1345077844_2589681474_8228683608_8228683609,6,7,HOLD,0
550,cluster_1345077844_2589681474_8228683608_8228683609,6,6,HOLD,0
553,cluster_1345077844_2589681474_8228683608_8228683609,6,6,CHANGE_DEMAND,0
556,cluster_1345077844_2589681474_8228683608_8228683609,4,8,HOLD,0
