time,tl_id,selected_phase,demand,duration
0,cluster_1345077844_2589681474_8228683608_8228683609,0,0,5
5,cluster_1345077844_2589681474_8228683608_8228683609,0,1,6
15,cluster_1345077844_2589681474_8228683608_8228683609,0,0,5
20,cluster_1345077844_2589681474_8228683608_8228683609,0,0,5
25,cluster_1345077844_2589681474_8228683608_8228683609,0,0,5
30,cluster_1345077844_2589681474_8228683608_8228683609,0,0,5
35,cluster_1345077844_2589681474_8228683608_8228683609,0,0,5
40,cluster_1345077844_2589681474_8228683608_8228683609,0,0,5
45,cluster_1345077844_2589681474_8228683608_8228683609,0,0,5
50,cluster_1345077844_2589681474_8228683608_8228683609,0,0,5
55,cluster_1345077844_2589681474_8228683608_8228683609,0,0,5
60,cluster_1345077844_2589681474_8228683608_8228683609,0,0,5
65,cluster_1345077844_2589681474_8228683608_8228683609,0,0,5
70,cluster_1345077844_2589681474_8228683608_8228683609,0,0,5
75,cluster_1345077844_2589681474_8228683608_8228683609,0,0,5
80,cluster_1345077844_2589681474_8228683608_8228683609,0,0,5
85,cluster_1345077844_2589681474_8228683608_8228683609,0,0,5
90,cluster_1345077844_2589681474_8228683608_8228683609,0,0,5
95,cluster_1345077844_2589681474_8228683608_8228683609,0,0,5
100,cluster_1345077844_2589681474_8228683608_8228683609,0,0,5
105,cluster_1345077844_2589681474_8228683608_8228683609,0,0,5
110,cluster_1345077844_2589681474_8228683608_8228683609,0,0,5
115,cluster_1345077844_2589681474_8228683608_8228683609,0,0,5
120,cluster_1345077844_2589681474_8228683608_8228683609,0,0,5
125,cluster_1345077844_2589681474_8228683608_8228683609,2,1,6
135,cluster_1345077844_2589681474_8228683608_8228683609,0,0,5
140,cluster_1345077844_2589681474_8228683608_8228683609,0,0,5
145,cluster_1345077844_2589681474_8228683608_8228683609,0,0,5
150,cluster_1345077844_2589681474_8228683608_8228683609,0,0,5
155,cluster_1345077844_2589681474_8228683608_8228683609,0,0,5
160,cluster_1345077844_2589681474_8228683608_8228683609,0,0,5
165,cluster_1345077844_2589681474_8228683608_8228683609,0,0,5
170,cluster_1345077844_2589681474_8228683608_8228683609,0,0,5
175,cluster_1345077844_2589681474_8228683608_8228683609,0,0,5
180,cluster_1345077844_2589681474_8228683608_8228683609,0,0,5
185,cluster_1345077844_2589681474_8228683608_8228683609,0,0,5
190,cluster_1345077844_2589681474_8228683608_8228683609,0,0,5
195,cluster_1345077844_2589681474_8228683608_8228683609,0,0,5
200,cluster_1345077844_2589681474_8228683608_8228683609,0,0,5
205,cluster_1345077844_2589681474_8228683608_8228683609,0,0,5
210,cluster_1345077844_2589681474_8228683608_8228683609,0,0,5
215,cluster_1345077844_2589681474_8228683608_8228683609,0,0,5
220,cluster_1345077844_2589681474_8228683608_8228683609,0,0,5
225,cluster_1345077844_2589681474_8228683608_8228683609,4,1,6
235,cluster_1345077844_2589681474_8228683608_8228683609,0,0,5
240,cluster_1345077844_2589681474_8228683608_8228683609,0,0,5
245,cluster_1345077844_2589681474_8228683608_8228683609,0,0,5
250,cluster_1345077844_2589681474_8228683608_8228683609,0,0,5
255,cluster_1345077844_2589681474_8228683608_8228683609,0,0,5
260,cluster_1345077844_2589681474_8228683608_8228683609,0,0,5
265,cluster_1345077844_2589681474_8228683608_8228683609,0,0,5
270,cluster_1345077844_2589681474_8228683608_8228683609,0,0,5
275,cluster_1345077844_2589681474_8228683608_8228683609,0,0,5
280,cluster_1345077844_2589681474_8228683608_8228683609,0,0,5
285,cluster_1345077844_2589681474_8228683608_8228683609,0,0,5
290,cluster_1345077844_2589681474_8228683608_8228683609,0,0,5
295,cluster_1345077844_2589681474_8228683608_8228683609,0,0,5
300,cluster_1345077844_2589681474_8228683608_8228683609,0,0,5
305,cluster_1345077844_2589681474_8228683608_8228683609,0,0,5
310,cluster_1345077844_2589681474_8228683608_8228683609,6,1,6
320,cluster_1345077844_2589681474_8228683608_8228683609,0,0,5
325,cluster_1345077844_2589681474_8228683608_8228683609,0,0,5
330,cluster_1345077844_2589681474_8228683608_8228683609,0,0,5
335,cluster_1345077844_2589681474_8228683608_8228683609,0,0,5
340,cluster_1345077844_2589681474_8228683608_8228683609,0,0,5
345,cluster_1345077844_2589681474_8228683608_8228683609,0,0,5
350,cluster_1345077844_2589681474_8228683608_8228683609,0,0,5
355,cluster_1345077844_2589681474_8228683608_8228683609,0,0,5
360,cluster_1345077844_2589681474_8228683608_8228683609,0,0,5
365,cluster_1345077844_2589681474_8228683608_8228683609,0,0,5
370,cluster_1345077844_2589681474_8228683608_8228683609,0,0,5
375,cluster_1345077844_2589681474_8228683608_8228683609,0,0,5
380,cluster_1345077844_2589681474_8228683608_8228683609,0,0,5
385,cluster_1345077844_2589681474_8228683608_8228683609,0,0,5
390,cluster_1345077844_2589681474_8228683608_8228683609,0,0,5
395,cluster_1345077844_2589681474_8228683608_8228683609,0,0,5
400,cluster_1345077844_2589681474_8228683608_8228683609,0,0,5
405,cluster_1345077844_2589681474_8228683608_8228683609,0,0,5
410,cluster_1345077844_2589681474_8228683608_8228683609,0,0,5
415,cluster_1345077844_2589681474_8228683608_8228683609,0,0,5
420,cluster_1345077844_2589681474_8228683608_8228683609,0,0,5
425,cluster_1345077844_2589681474_8228683608_8228683609,2,1,6
435,cluster_1345077844_2589681474_8228683608_8228683609,0,0,5
440,cluster_1345077844_2589681474_8228683608_8228683609,0,0,5
445,cluster_1345077844_2589681474_8228683608_8228683609,0,0,5
450,cluster_1345077844_2589681474_8228683608_8228683609,0,0,5
455,cluster_1345077844_2589681474_8228683608_8228683609,0,0,5
460,cluster_1345077844_2589681474_8228683608_8228683609,0,0,5
465,cluster_1345077844_2589681474_8228683608_8228683609,0,0,5
470,cluster_1345077844_2589681474_8228683608_8228683609,0,0,5
475,cluster_1345077844_2589681474_8228683608_8228683609,0,0,5
480,cluster_1345077844_2589681474_8228683608_8228683609,0,0,5
485,cluster_1345077844_2589681474_8228683608_8228683609,0,0,5
490,cluster_1345077844_2589681474_8228683608_8228683609,0,0,5
495,cluster_1345077844_2589681474_8228683608_8228683609,0,0,5
500,cluster_1345077844_2589681474_8228683608_8228683609,0,0,5
505,cluster_1345077844_2589681474_8228683608_8228683609,0,0,5
510,cluster_1345077844_2589681474_8228683608_8228683609,0,1,6
520,cluster_1345077844_2589681474_8228683608_8228683609,0,0,5
525,cluster_1345077844_2589681474_8228683608_8228683609,0,0,5
530,cluster_1345077844_2589681474_8228683608_8228683609,0,0,5
535,cluster_1345077844_2589681474_8228683608_8228683609,0,0,5
540,cluster_1345077844_2589681474_8228683608_8228683609,0,0,5
545,cluster_1345077844_2589681474_8228683608_8228683609,0,0,5
550,cluster_1345077844_2589681474_8228683608_8228683609,0,0,5
555,cluster_1345077844_2589681474_8228683608_8228683609,0,0,5
560,cluster_1345077844_2589681474_8228683608_8228683609,0,0,5
565,cluster_1345077844_2589681474_8228683608_8228683609,0,0,5
570,cluster_1345077844_2589681474_8228683608_8228683609,0,0,5
575,cluster_1345077844_2589681474_8228683608_8228683609,0,0,5
580,cluster_1345077844_2589681474_8228683608_8228683609,0,0,5
585,cluster_1345077844_2589681474_8228683608_8228683609,0,0,5
590,cluster_1345077844_2589681474_8228683608_8228683609,0,0,5
595,cluster_1345077844_2589681474_8228683608_8228683609,0,0,5
600,cluster_1345077844_2589681474_8228683608_8228683609,0,0,5
605,cluster_1345077844_2589681474_8228683608_8228683609,0,0,5
610,cluster_1345077844_2589681474_8228683608_8228683609,0,0,5
615,cluster_1345077844_2589681474_8228683608_8228683609,4,1,6
625,cluster_1345077844_2589681474_8228683608_8228683609,0,0,5
630,cluster_1345077844_2589681474_8228683608_8228683609,0,0,5
635,cluster_1345077844_2589681474_8228683608_8228683609,0,0,5
640,cluster_1345077844_2589681474_8228683608_8228683609,0,0,5
645,cluster_1345077844_2589681474_8228683608_8228683609,0,0,5
650,cluster_1345077844_2589681474_8228683608_8228683609,0,0,5
655,cluster_1345077844_2589681474_8228683608_8228683609,0,0,5
660,cluster_1345077844_2589681474_8228683608_8228683609,0,0,5
665,cluster_1345077844_2589681474_8228683608_8228683609,0,0,5
670,cluster_1345077844_2589681474_8228683608_8228683609,0,0,5
675,cluster_1345077844_2589681474_8228683608_8228683609,0,0,5
680,cluster_1345077844_2589681474_8228683608_8228683609,0,0,5
685,cluster_1345077844_2589681474_8228683608_8228683609,0,0,5
690,cluster_1345077844_2589681474_8228683608_8228683609,0,0,5
695,cluster_1345077844_2589681474_8228683608_8228683609,0,0,5
700,cluster_1345077844_2589681474_8228683608_8228683609,0,0,5
705,cluster_1345077844_2589681474_8228683608_8228683609,0,1,6
715,cluster_1345077844_2589681474_8228683608_8228683609,0,0,5
720,cluster_1345077844_2589681474_8228683608_8228683609,0,0,5
725,cluster_1345077844_2589681474_8228683608_8228683609,0,0,5
730,cluster_1345077844_2589681474_8228683608_8228683609,0,0,5
735,cluster_1345077844_2589681474_8228683608_8228683609,0,0,5
740,cluster_1345077844_2589681474_8228683608_8228683609,0,0,5
745,cluster_1345077844_2589681474_8228683608_8228683609,0,0,5
750,cluster_1345077844_2589681474_8228683608_8228683609,0,0,5
755,cluster_1345077844_2589681474_8228683608_8228683609,0,0,5
760,cluster_1345077844_2589681474_8228683608_8228683609,0,0,5
765,cluster_1345077844_2589681474_8228683608_8228683609,0,0,5
770,cluster_1345077844_2589681474_8228683608_8228683609,0,0,5
775,cluster_1345077844_2589681474_8228683608_8228683609,0,0,5
780,cluster_1345077844_2589681474_8228683608_8228683609,0,0,5
785,cluster_1345077844_2589681474_8228683608_8228683609,0,0,5
790,cluster_1345077844_2589681474_8228683608_8228683609,0,0,5
795,cluster_1345077844_2589681474_8228683608_8228683609,0,0,5
800,cluster_1345077844_2589681474_8228683608_8228683609,0,0,5
805,cluster_1345077844_2589681474_8228683608_8228683609,0,1,6
815,cluster_1345077844_2589681474_8228683608_8228683609,0,0,5
820,cluster_1345077844_2589681474_8228683608_8228683609,0,0,5
825,cluster_1345077844_2589681474_8228683608_8228683609,0,0,5
830,cluster_1345077844_2589681474_8228683608_8228683609,0,0,5
835,cluster_1345077844_2589681474_8228683608_8228683609,0,0,5
840,cluster_1345077844_2589681474_8228683608_8228683609,0,0,5
845,cluster_1345077844_2589681474_8228683608_8228683609,0,0,5
850,cluster_1345077844_2589681474_8228683608_8228683609,0,0,5
855,cluster_1345077844_2589681474_8228683608_8228683609,0,0,5
860,cluster_1345077844_2589681474_8228683608_8228683609,0,0,5
865,cluster_1345077844_2589681474_8228683608_8228683609,0,0,5
870,cluster_1345077844_2589681474_8228683608_8228683609,0,0,5
875,cluster_1345077844_2589681474_8228683608_8228683609,0,0,5
880,cluster_1345077844_2589681474_8228683608_8228683609,0,0,5
885,cluster_1345077844_2589681474_8228683608_8228683609,0,0,5
890,cluster_1345077844_2589681474_8228683608_8228683609,0,0,5
895,cluster_1345077844_2589681474_8228683608_8228683609,0,0,5
900,cluster_1345077844_2589681474_8228683608_8228683609,0,0,5
905,cluster_1345077844_2589681474_8228683608_8228683609,0,0,5
910,cluster_1345077844_2589681474_8228683608_8228683609,0,0,5
915,cluster_1345077844_2589681474_8228683608_8228683609,0,0,5
920,cluster_1345077844_2589681474_8228683608_8228683609,0,0,5
925,cluster_1345077844_2589681474_8228683608_8228683609,0,0,5
930,cluster_1345077844_2589681474_8228683608_8228683609,4,1,6
940,cluster_1345077844_2589681474_8228683608_8228683609,0,0,5
945,cluster_1345077844_2589681474_8228683608_8228683609,0,0,5
950,cluster_1345077844_2589681474_8228683608_8228683609,0,0,5
955,cluster_1345077844_2589681474_8228683608_8228683609,0,0,5
960,cluster_1345077844_2589681474_8228683608_8228683609,0,0,5
965,cluster_1345077844_2589681474_8228683608_8228683609,0,0,5
970,cluster_1345077844_2589681474_8228683608_8228683609,0,0,5
975,cluster_1345077844_2589681474_8228683608_8228683609,0,0,5
980,cluster_1345077844_2589681474_8228683608_8228683609,0,0,5
985,cluster_1345077844_2589681474_8228683608_8228683609,0,0,5
990,cluster_1345077844_2589681474_8228683608_8228683609,0,0,5
995,cluster_1345077844_2589681474_8228683608_8228683609,0,0,5
1000,cluster_1345077844_2589681474_8228683608_8228683609,0,0,5
1005,cluster_1345077844_2589681474_8228683608_8228683609,0,0,5
1010,cluster_1345077844_2589681474_8228683608_8228683609,0,0,5
1015,cluster_1345077844_2589681474_8228683608_8228683609,0,0,5
1020,cluster_1345077844_2589681474_8228683608_8228683609,0,0,5
1025,cluster_1345077844_2589681474_8228683608_8228683609,2,1,6
1035,cluster_1345077844_2589681474_8228683608_8228683609,0,0,5
1040,cluster_1345077844_2589681474_8228683608_8228683609,0,0,5
1045,cluster_1345077844_2589681474_8228683608_8228683609,0,0,5
1050,cluster_1345077844_2589681474_8228683608_8228683609,0,0,5
1055,cluster_1345077844_2589681474_8228683608_8228683609,0,0,5
1060,cluster_1345077844_2589681474_8228683608_8228683609,0,0,5
1065,cluster_1345077844_2589681474_8228683608_8228683609,0,0,5
1070,cluster_1345077844_2589681474_8228683608_8228683609,0,0,5
1075,cluster_1345077844_2589681474_8228683608_8228683609,0,0,5
1080,cluster_1345077844_2589681474_8228683608_8228683609,0,0,5
1085,cluster_1345077844_2589681474_8228683608_8228683609,0,0,5
1090,cluster_1345077844_2589681474_8228683608_8228683609,0,0,5
1095,cluster_1345077844_2589681474_8228683608_8228683609,0,0,5
1100,cluster_1345077844_2589681474_8228683608_8228683609,0,0,5
1105,cluster_1345077844_2589681474_8228683608_8228683609,0,0,5
1110,cluster_1345077844_2589681474_8228683608_8228683609,0,0,5
1115,cluster_1345077844_2589681474_8228683608_8228683609,0,0,5
1120,cluster_1345077844_2589681474_8228683608_8228683609,0,0,5
1125,cluster_1345077844_2589681474_8228683608_8228683609,4,1,6
1135,cluster_1345077844_2589681474_8228683608_8228683609,0,0,5
1140,cluster_1345077844_2589681474_8228683608_8228683609,0,0,5
1145,cluster_1345077844_2589681474_8228683608_8228683609,0,0,5
1150,cluster_1345077844_2589681474_8228683608_8228683609,0,0,5
1155,cluster_1345077844_2589681474_8228683608_8228683609,0,0,5
1160,cluster_1345077844_2589681474_8228683608_8228683609,0,0,5
1165,cluster_1345077844_2589681474_8228683608_8228683609,0,0,5
1170,cluster_1345077844_2589681474_8228683608_8228683609,0,0,5
1175,cluster_1345077844_2589681474_8228683608_8228683609,0,0,5
1180,cluster_1345077844_2589681474_8228683608_8228683609,0,0,5
1185,cluster_1345077844_2589681474_8228683608_8228683609,0,0,5
1190,cluster_1345077844_2589681474_8228683608_8228683609,0,0,5
1195,cluster_1345077844_2589681474_8228683608_8228683609,0,0,5
1200,cluster_1345077844_2589681474_8228683608_8228683609,0,0,5
1205,cluster_1345077844_2589681474_8228683608_8228683609,0,0,5
1210,cluster_1345077844_2589681474_8228683608_8228683609,0,0,5
1215,cluster_1345077844_2589681474_8228683608_8228683609,6,1,6
1225,cluster_1345077844_2589681474_8228683608_8228683609,0,0,5
1230,cluster_1345077844_2589681474_8228683608_8228683609,0,0,5
1235,cluster_1345077844_2589681474_8228683608_8228683609,0,0,5
1240,cluster_1345077844_2589681474_8228683608_8228683609,0,0,5
1245,cluster_1345077844_2589681474_8228683608_8228683609,0,0,5
1250,cluster_1345077844_2589681474_8228683608_8228683609,0,0,5
1255,cluster_1345077844_2589681474_8228683608_8228683609,0,0,5
1260,cluster_1345077844_2589681474_8228683608_8228683609,0,0,5
1265,cluster_1345077844_2589681474_8228683608_8228683609,0,0,5
1270,cluster_1345077844_2589681474_8228683608_8228683609,0,0,5
1275,cluster_1345077844_2589681474_8228683608_8228683609,0,0,5
1280,cluster_1345077844_2589681474_8228683608_8228683609,0,0,5
1285,cluster_1345077844_2589681474_8228683608_8228683609,0,0,5
1290,cluster_1345077844_2589681474_8228683608_8228683609,0,0,5
1295,cluster_1345077844_2589681474_8228683608_8228683609,0,0,5
1300,cluster_1345077844_2589681474_8228683608_8228683609,0,0,5
1305,cluster_1345077844_2589681474_8228683608_8228683609,0,0,5
1310,cluster_1345077844_2589681474_8228683608_8228683609,0,0,5
1315,cluster_1345077844_2589681474_8228683608_8228683609,0,1,6
1325,cluster_1345077844_2589681474_8228683608_8228683609,0,0,5
1330,cluster_1345077844_2589681474_8228683608_8228683609,0,0,5
1335,cluster_1345077844_2589681474_8228683608_8228683609,0,0,5
1340,cluster_1345077844_2589681474_8228683608_8228683609,0,0,5
1345,cluster_1345077844_2589681474_8228683608_8228683609,0,0,5
1350,cluster_1345077844_2589681474_8228683608_8228683609,0,0,5
1355,cluster_1345077844_2589681474_8228683608_8228683609,0,0,5
1360,cluster_1345077844_2589681474_8228683608_8228683609,0,0,5
1365,cluster_1345077844_2589681474_8228683608_8228683609,0,0,5
1370,cluster_1345077844_2589681474_8228683608_8228683609,0,0,5
1375,cluster_1345077844_2589681474_8228683608_8228683609,0,0,5
1380,cluster_1345077844_2589681474_8228683608_8228683609,0,0,5
1385,cluster_1345077844_2589681474_8228683608_8228683609,0,0,5
1390,cluster_1345077844_2589681474_8228683608_8228683609,0,0,5
1395,cluster_1345077844_2589681474_8228683608_8228683609,0,0,5
1400,cluster_1345077844_2589681474_8228683608_8228683609,0,0,5
1405,cluster_1345077844_2589681474_8228683608_8228683609,0,0,5
1410,cluster_1345077844_2589681474_8228683608_8228683609,0,0,5
1415,cluster_1345077844_2589681474_8228683608_8228683609,0,1,6
1425,cluster_1345077844_2589681474_8228683608_8228683609,0,0,5
1430,cluster_1345077844_2589681474_8228683608_8228683609,0,0,5
1435,cluster_1345077844_2589681474_8228683608_8228683609,0,0,5
1440,cluster_1345077844_2589681474_8228683608_8228683609,0,0,5
1445,cluster_1345077844_2589681474_8228683608_8228683609,0,0,5
1450,cluster_1345077844_2589681474_8228683608_8228683609,0,0,5
1455,cluster_1345077844_2589681474_8228683608_8228683609,0,0,5
1460,cluster_1345077844_2589681474_8228683608_8228683609,0,0,5
1465,cluster_1345077844_2589681474_8228683608_8228683609,0,0,5
1470,cluster_1345077844_2589681474_8228683608_8228683609,0,0,5
1475,cluster_1345077844_2589681474_8228683608_8228683609,0,0,5
1480,cluster_1345077844_2589681474_8228683608_8228683609,0,0,5
1485,cluster_1345077844_2589681474_8228683608_8228683609,0,0,5
1490,cluster_1345077844_2589681474_8228683608_8228683609,0,0,5
1495,cluster_1345077844_2589681474_8228683608_8228683609,0,0,5
1500,cluster_1345077844_2589681474_8228683608_8228683609,0,0,5
1505,cluster_1345077844_2589681474_8228683608_8228683609,0,0,5
1510,cluster_1345077844_2589681474_8228683608_8228683609,0,0,5
1515,cluster_1345077844_2589681474_8228683608_8228683609,6,1,6
1525,cluster_1345077844_2589681474_8228683608_8228683609,0,0,5
1530,cluster_1345077844_2589681474_8228683608_8228683609,0,0,5
1535,cluster_1345077844_2589681474_8228683608_8228683609,0,0,5
1540,cluster_1345077844_2589681474_8228683608_8228683609,0,0,5
1545,cluster_1345077844_2589681474_8228683608_8228683609,0,0,5
1550,cluster_1345077844_2589681474_8228683608_8228683609,0,0,5
1555,cluster_1345077844_2589681474_8228683608_8228683609,0,0,5
1560,cluster_1345077844_2589681474_8228683608_8228683609,0,0,5
1565,cluster_1345077844_2589681474_8228683608_8228683609,0,0,5
1570,cluster_1345077844_2589681474_8228683608_8228683609,0,0,5
1575,cluster_1345077844_2589681474_8228683608_8228683609,0,0,5
1580,cluster_1345077844_2589681474_8228683608_8228683609,0,0,5
1585,cluster_1345077844_2589681474_8228683608_8228683609,0,0,5
1590,cluster_1345077844_2589681474_8228683608_8228683609,0,0,5
1595,cluster_1345077844_2589681474_8228683608_8228683609,0,0,5
1600,cluster_1345077844_2589681474_8228683608_8228683609,0,0,5
1605,cluster_1345077844_2589681474_8228683608_8228683609,0,0,5
1610,cluster_1345077844_2589681474_8228683608_8228683609,0,0,5
1615,cluster_1345077844_2589681474_8228683608_8228683609,6,1,6
1625,cluster_1345077844_2589681474_8228683608_8228683609,0,0,5
1630,cluster_1345077844_2589681474_8228683608_8228683609,0,0,5
1635,cluster_1345077844_2589681474_8228683608_8228683609,0,0,5
1640,cluster_1345077844_2589681474_8228683608_8228683609,0,0,5
1645,cluster_1345077844_2589681474_8228683608_8228683609,0,0,5
1650,cluster_1345077844_2589681474_8228683608_8228683609,0,0,5
1655,cluster_1345077844_2589681474_8228683608_8228683609,0,0,5
1660,cluster_1345077844_2589681474_8228683608_8228683609,0,0,5
1665,cluster_1345077844_2589681474_8228683608_8228683609,0,0,5
1670,cluster_1345077844_2589681474_8228683608_8228683609,0,0,5
1675,cluster_1345077844_2589681474_8228683608_8228683609,0,0,5
1680,cluster_1345077844_2589681474_8228683608_8228683609,0,0,5
1685,cluster_1345077844_2589681474_8228683608_8228683609,0,0,5
1690,cluster_1345077844_2589681474_8228683608_8228683609,0,0,5
1695,cluster_1345077844_2589681474_8228683608_8228683609,0,0,5
1700,cluster_1345077844_2589681474_8228683608_8228683609,0,0,5
1705,cluster_1345077844_2589681474_8228683608_8228683609,0,0,5
1710,cluster_1345077844_2589681474_8228683608_8228683609,0,0,5
1715,cluster_1345077844_2589681474_8228683608_8228683609,6,1,6
1725,cluster_1345077844_2589681474_8228683608_8228683609,0,0,5
1730,cluster_1345077844_2589681474_8228683608_8228683609,0,0,5
1735,cluster_1345077844_2589681474_8228683608_8228683609,0,0,5
1740,cluster_1345077844_2589681474_8228683608_8228683609,0,0,5
1745,cluster_1345077844_2589681474_8228683608_8228683609,0,0,5
1750,cluster_1345077844_2589681474_8228683608_8228683609,0,0,5
1755,cluster_1345077844_2589681474_8228683608_8228683609,0,0,5
1760,cluster_1345077844_2589681474_8228683608_8228683609,0,0,5
1765,cluster_1345077844_2589681474_8228683608_8228683609,0,0,5
1770,cluster_1345077844_2589681474_8228683608_8228683609,0,0,5
1775,cluster_1345077844_2589681474_8228683608_8228683609,0,0,5
1780,cluster_1345077844_2589681474_8228683608_8228683609,0,0,5
1785,cluster_1345077844_2589681474_8228683608_8228683609,0,0,5
1790,cluster_1345077844_2589681474_8228683608_8228683609,0,0,5
1795,cluster_1345077844_2589681474_8228683608_8228683609,0,0,5
1800,cluster_1345077844_2589681474_8228683608_8228683609,0,0,5
1805,cluster_1345077844_2589681474_8228683608_8228683609,0,0,5
1810,cluster_1345077844_2589681474_8228683608_8228683609,0,1,6
1820,cluster_1345077844_2589681474_8228683608_8228683609,0,0,5
1825,cluster_1345077844_2589681474_8228683608_8228683609,0,0,5
1830,cluster_1345077844_2589681474_8228683608_8228683609,0,0,5
1835,cluster_1345077844_2589681474_8228683608_8228683609,0,0,5
1840,cluster_1345077844_2589681474_8228683608_8228683609,0,0,5
1845,cluster_1345077844_2589681474_8228683608_8228683609,0,0,5
1850,cluster_1345077844_2589681474_8228683608_8228683609,0,0,5
1855,cluster_1345077844_2589681474_8228683608_8228683609,0,0,5
1860,cluster_1345077844_2589681474_8228683608_8228683609,0,0,5
1865,cluster_1345077844_2589681474_8228683608_8228683609,0,0,5
1870,cluster_1345077844_2589681474_8228683608_8228683609,0,0,5
1875,cluster_1345077844_2589681474_8228683608_8228683609,0,0,5
1880,cluster_1345077844_2589681474_8228683608_8228683609,0,0,5
1885,cluster_1345077844_2589681474_8228683608_8228683609,0,0,5
1890,cluster_1345077844_2589681474_8228683608_8228683609,0,0,5
1895,cluster_1345077844_2589681474_8228683608_8228683609,0,0,5
1900,cluster_1345077844_2589681474_8228683608_8228683609,0,0,5
1905,cluster_1345077844_2589681474_8228683608_8228683609,0,0,5
1910,cluster_1345077844_2589681474_8228683608_8228683609,0,1,6
1920,cluster_1345077844_2589681474_8228683608_8228683609,0,0,5
1925,cluster_1345077844_2589681474_8228683608_8228683609,0,0,5
1930,cluster_1345077844_2589681474_8228683608_8228683609,0,0,5
1935,cluster_1345077844_2589681474_8228683608_8228683609,0,0,5
1940,cluster_1345077844_2589681474_8228683608_8228683609,0,0,5
1945,cluster_1345077844_2589681474_8228683608_8228683609,0,0,5
1950,cluster_1345077844_2589681474_8228683608_8228683609,0,0,5
1955,cluster_1345077844_2589681474_8228683608_8228683609,0,0,5
1960,cluster_1345077844_2589681474_8228683608_8228683609,0,0,5
1965,cluster_1345077844_2589681474_8228683608_8228683609,0,0,5
1970,cluster_1345077844_2589681474_8228683608_8228683609,0,0,5
1975,cluster_1345077844_2589681474_8228683608_8228683609,0,0,5
1980,cluster_1345077844_2589681474_8228683608_8228683609,0,0,5
1985,cluster_1345077844_2589681474_8228683608_8228683609,0,0,5
1990,cluster_1345077844_2589681474_8228683608_8228683609,0,0,5
1995,cluster_1345077844_2589681474_8228683608_8228683609,0,0,5
2000,cluster_1345077844_2589681474_8228683608_8228683609,0,0,5
2005,cluster_1345077844_2589681474_8228683608_8228683609,0,0,5
2010,cluster_1345077844_2589681474_8228683608_8228683609,0,1,6
2020,cluster_1345077844_2589681474_8228683608_8228683609,0,0,5
2025,cluster_1345077844_2589681474_8228683608_8228683609,0,0,5
2030,cluster_1345077844_2589681474_8228683608_8228683609,0,0,5
2035,cluster_1345077844_2589681474_8228683608_8228683609,0,0,5
2040,cluster_1345077844_2589681474_8228683608_8228683609,0,0,5
2045,cluster_1345077844_2589681474_8228683608_8228683609,0,0,5
2050,cluster_1345077844_2589681474_8228683608_8228683609,0,0,5
2055,cluster_1345077844_2589681474_8228683608_8228683609,0,0,5
2060,cluster_1345077844_2589681474_8228683608_8228683609,0,0,5
2065,cluster_1345077844_2589681474_8228683608_8228683609,0,0,5
2070,cluster_1345077844_2589681474_8228683608_8228683609,0,0,5
2075,cluster_1345077844_2589681474_8228683608_8228683609,0,0,5
2080,cluster_1345077844_2589681474_8228683608_8228683609,0,0,5
2085,cluster_1345077844_2589681474_8228683608_8228683609,0,0,5
2090,cluster_1345077844_2589681474_8228683608_8228683609,0,0,5
2095,cluster_1345077844_2589681474_8228683608_8228683609,0,0,5
2100,cluster_1345077844_2589681474_8228683608_8228683609,0,0,5
2105,cluster_1345077844_2589681474_8228683608_8228683609,0,0,5
2110,cluster_1345077844_2589681474_8228683608_8228683609,0,0,5
2115,cluster_1345077844_2589681474_8228683608_8228683609,0,0,5
2120,cluster_1345077844_2589681474_8228683608_8228683609,0,0,5
2125,cluster_1345077844_2589681474_8228683608_8228683609,0,0,5
2130,cluster_1345077844_2589681474_8228683608_8228683609,4,1,6
2140,cluster_1345077844_2589681474_8228683608_8228683609,0,0,5
2145,cluster_1345077844_2589681474_8228683608_8228683609,0,0,5
2150,cluster_1345077844_2589681474_8228683608_8228683609,0,0,5
2155,cluster_1345077844_2589681474_8228683608_8228683609,0,0,5
2160,cluster_1345077844_2589681474_8228683608_8228683609,0,0,5
2165,cluster_1345077844_2589681474_8228683608_8228683609,0,0,5
2170,cluster_1345077844_2589681474_8228683608_8228683609,0,0,5
2175,cluster_1345077844_2589681474_8228683608_8228683609,0,0,5
2180,cluster_1345077844_2589681474_8228683608_8228683609,0,0,5
2185,cluster_1345077844_2589681474_8228683608_8228683609,0,0,5
2190,cluster_1345077844_2589681474_8228683608_8228683609,0,0,5
2195,cluster_1345077844_2589681474_8228683608_8228683609,0,0,5
2200,cluster_1345077844_2589681474_8228683608_8228683609,0,0,5
2205,cluster_1345077844_2589681474_8228683608_8228683609,0,0,5
2210,cluster_1345077844_2589681474_8228683608_8228683609,0,0,5
2215,cluster_1345077844_2589681474_8228683608_8228683609,6,1,6
2225,cluster_1345077844_2589681474_8228683608_8228683609,0,0,5
2230,cluster_1345077844_2589681474_8228683608_8228683609,0,0,5
2235,cluster_1345077844_2589681474_8228683608_8228683609,0,0,5
2240,cluster_1345077844_2589681474_8228683608_8228683609,0,0,5
2245,cluster_1345077844_2589681474_8228683608_8228683609,0,0,5
2250,cluster_1345077844_2589681474_8228683608_8228683609,0,0,5
2255,cluster_1345077844_2589681474_8228683608_8228683609,0,0,5
2260,cluster_1345077844_2589681474_8228683608_8228683609,0,0,5
2265,cluster_1345077844_2589681474_8228683608_8228683609,0,0,5
2270,cluster_1345077844_2589681474_8228683608_8228683609,0,0,5
2275,cluster_1345077844_2589681474_8228683608_8228683609,0,0,5
2280,cluster_1345077844_2589681474_8228683608_8228683609,0,0,5
2285,cluster_1345077844_2589681474_8228683608_8228683609,0,0,5
2290,cluster_1345077844_2589681474_8228683608_8228683609,0,0,5
2295,cluster_1345077844_2589681474_8228683608_8228683609,0,0,5
2300,cluster_1345077844_2589681474_8228683608_8228683609,0,0,5
2305,cluster_1345077844_2589681474_8228683608_8228683609,0,0,5
2310,cluster_1345077844_2589681474_8228683608_8228683609,0,0,5
2315,cluster_1345077844_2589681474_8228683608_8228683609,0,0,5
2320,cluster_1345077844_2589681474_8228683608_8228683609,0,1,6
2330,cluster_1345077844_2589681474_8228683608_8228683609,0,0,5
2335,cluster_1345077844_2589681474_8228683608_8228683609,0,0,5
2340,cluster_1345077844_2589681474_8228683608_8228683609,0,0,5
2345,cluster_1345077844_2589681474_8228683608_8228683609,0,0,5
2350,cluster_1345077844_2589681474_8228683608_8228683609,0,0,5
2355,cluster_1345077844_2589681474_8228683608_8228683609,0,0,5
2360,cluster_1345077844_2589681474_8228683608_8228683609,0,0,5
2365,cluster_1345077844_2589681474_8228683608_8228683609,0,0,5
2370,cluster_1345077844_2589681474_8228683608_8228683609,0,0,5
2375,cluster_1345077844_2589681474_8228683608_8228683609,0,0,5
2380,cluster_1345077844_2589681474_8228683608_8228683609,0,0,5
2385,cluster_1345077844_2589681474_8228683608_8228683609,0,0,5
2390,cluster_1345077844_2589681474_8228683608_8228683609,0,0,5
2395,cluster_1345077844_2589681474_8228683608_8228683609,0,0,5
2400,cluster_1345077844_2589681474_8228683608_8228683609,0,0,5
2405,cluster_1345077844_2589681474_8228683608_8228683609,0,0,5
2410,cluster_1345077844_2589681474_8228683608_8228683609,0,0,5
2415,cluster_1345077844_2589681474_8228683608_8228683609,0,1,6
2425,cluster_1345077844_2589681474_8228683608_8228683609,0,0,5
2430,cluster_1345077844_2589681474_8228683608_8228683609,0,0,5
2435,cluster_1345077844_2589681474_8228683608_8228683609,0,0,5
2440,cluster_1345077844_2589681474_8228683608_8228683609,0,0,5
2445,cluster_1345077844_2589681474_8228683608_8228683609,0,0,5
2450,cluster_1345077844_2589681474_8228683608_8228683609,0,0,5
2455,cluster_1345077844_2589681474_8228683608_8228683609,0,0,5
2460,cluster_1345077844_2589681474_8228683608_8228683609,0,0,5
2465,cluster_1345077844_2589681474_8228683608_8228683609,0,0,5
2470,cluster_1345077844_2589681474_8228683608_8228683609,0,0,5
2475,cluster_1345077844_2589681474_8228683608_8228683609,0,0,5
2480,cluster_1345077844_2589681474_8228683608_8228683609,0,0,5
2485,cluster_1345077844_2589681474_8228683608_8228683609,0,0,5
2490,cluster_1345077844_2589681474_8228683608_8228683609,0,0,5
2495,cluster_1345077844_2589681474_8228683608_8228683609,0,0,5
2500,cluster_1345077844_2589681474_8228683608_8228683609,0,0,5
2505,cluster_1345077844_2589681474_8228683608_8228683609,0,0,5
2510,cluster_1345077844_2589681474_8228683608_8228683609,0,0,5
2515,cluster_1345077844_2589681474_8228683608_8228683609,0,0,5
2520,cluster_1345077844_2589681474_8228683608_8228683609,4,1,6
2530,cluster_1345077844_2589681474_8228683608_8228683609,0,0,5
2535,cluster_1345077844_2589681474_8228683608_8228683609,0,0,5
2540,cluster_1345077844_2589681474_8228683608_8228683609,0,0,5
2545,cluster_1345077844_2589681474_8228683608_8228683609,0,0,5
2550,cluster_1345077844_2589681474_8228683608_8228683609,0,0,5
2555,cluster_1345077844_2589681474_8228683608_8228683609,0,0,5
2560,cluster_1345077844_2589681474_8228683608_8228683609,0,0,5
2565,cluster_1345077844_2589681474_8228683608_8228683609,0,0,5
2570,cluster_1345077844_2589681474_8228683608_8228683609,0,0,5
2575,cluster_1345077844_2589681474_8228683608_8228683609,0,0,5
2580,cluster_1345077844_2589681474_8228683608_8228683609,0,0,5
2585,cluster_1345077844_2589681474_8228683608_8228683609,0,0,5
2590,cluster_1345077844_2589681474_8228683608_8228683609,0,0,5
2595,cluster_1345077844_2589681474_8228683608_8228683609,0,0,5
2600,cluster_1345077844_2589681474_8228683608_8228683609,0,0,5
2605,cluster_1345077844_2589681474_8228683608_8228683609,0,0,5
2610,cluster_1345077844_2589681474_8228683608_8228683609,0,0,5
2615,cluster_1345077844_2589681474_8228683608_8228683609,0,0,5
2620,cluster_1345077844_2589681474_8228683608_8228683609,0,1,6
2630,cluster_1345077844_2589681474_8228683608_8228683609,0,0,5
2635,cluster_1345077844_2589681474_8228683608_8228683609,0,0,5
2640,cluster_1345077844_2589681474_8228683608_8228683609,0,0,5
2645,cluster_1345077844_2589681474_8228683608_8228683609,0,0,5
2650,cluster_1345077844_2589681474_8228683608_8228683609,0,0,5
2655,cluster_1345077844_2589681474_8228683608_8228683609,0,0,5
2660,cluster_1345077844_2589681474_8228683608_8228683609,0,0,5
2665,cluster_1345077844_2589681474_8228683608_8228683609,0,0,5
2670,cluster_1345077844_2589681474_8228683608_8228683609,0,0,5
2675,cluster_1345077844_2589681474_8228683608_8228683609,0,0,5
2680,cluster_1345077844_2589681474_8228683608_8228683609,0,0,5
2685,cluster_1345077844_2589681474_8228683608_8228683609,0,0,5
2690,cluster_1345077844_2589681474_8228683608_8228683609,0,0,5
2695,cluster_1345077844_2589681474_8228683608_8228683609,0,0,5
2700,cluster_1345077844_2589681474_8228683608_8228683609,0,0,5
2705,cluster_1345077844_2589681474_8228683608_8228683609,0,0,5
2710,cluster_1345077844_2589681474_8228683608_8228683609,0,0,5
2715,cluster_1345077844_2589681474_8228683608_8228683609,0,0,5
2720,cluster_1345077844_2589681474_8228683608_8228683609,0,1,6
2730,cluster_1345077844_2589681474_8228683608_8228683609,0,0,5
2735,cluster_1345077844_2589681474_8228683608_8228683609,0,0,5
2740,cluster_1345077844_2589681474_8228683608_8228683609,0,0,5
2745,cluster_1345077844_2589681474_8228683608_8228683609,0,0,5
2750,cluster_1345077844_2589681474_8228683608_8228683609,0,0,5
2755,cluster_1345077844_2589681474_8228683608_8228683609,0,0,5
2760,cluster_1345077844_2589681474_8228683608_8228683609,0,0,5
2765,cluster_1345077844_2589681474_8228683608_8228683609,0,0,5
2770,cluster_1345077844_2589681474_8228683608_8228683609,0,0,5
2775,cluster_1345077844_2589681474_8228683608_8228683609,0,0,5
2780,cluster_1345077844_2589681474_8228683608_8228683609,0,0,5
2785,cluster_1345077844_2589681474_8228683608_8228683609,0,0,5
2790,cluster_1345077844_2589681474_8228683608_8228683609,0,0,5
2795,cluster_1345077844_2589681474_8228683608_8228683609,0,0,5
2800,cluster_1345077844_2589681474_8228683608_8228683609,0,0,5
2805,cluster_1345077844_2589681474_8228683608_8228683609,0,0,5
2810,cluster_1345077844_2589681474_8228683608_8228683609,0,0,5
2815,cluster_1345077844_2589681474_8228683608_8228683609,0,0,5
2820,cluster_1345077844_2589681474_8228683608_8228683609,0,0,5
2825,cluster_1345077844_2589681474_8228683608_8228683609,0,0,5
2830,cluster_1345077844_2589681474_8228683608_8228683609,2,1,6
2840,cluster_1345077844_2589681474_8228683608_8228683609,0,0,5
2845,cluster_1345077844_2589681474_8228683608_8228683609,0,0,5
2850,cluster_1345077844_2589681474_8228683608_8228683609,0,0,5
2855,cluster_1345077844_2589681474_8228683608_8228683609,0,0,5
2860,cluster_1345077844_2589681474_8228683608_8228683609,0,0,5
2865,cluster_1345077844_2589681474_8228683608_8228683609,0,0,5
2870,cluster_1345077844_2589681474_8228683608_8228683609,0,0,5
2875,cluster_1345077844_2589681474_8228683608_8228683609,0,0,5
2880,cluster_1345077844_2589681474_8228683608_8228683609,0,0,5
2885,cluster_1345077844_2589681474_8228683608_8228683609,0,0,5
2890,cluster_1345077844_2589681474_8228683608_8228683609,0,0,5
2895,cluster_1345077844_2589681474_8228683608_8228683609,0,0,5
2900,cluster_1345077844_2589681474_8228683608_8228683609,0,0,5
2905,cluster_1345077844_2589681474_8228683608_8228683609,0,0,5
2910,cluster_1345077844_2589681474_8228683608_8228683609,0,0,5
2915,cluster_1345077844_2589681474_8228683608_8228683609,0,0,5
2920,cluster_1345077844_2589681474_8228683608_8228683609,0,0,5
2925,cluster_1345077844_2589681474_8228683608_8228683609,0,0,5
2930,cluster_1345077844_2589681474_8228683608_8228683609,0,0,5
2935,cluster_1345077844_2589681474_8228683608_8228683609,2,1,6
2945,cluster_1345077844_2589681474_8228683608_8228683609,0,0,5
2950,cluster_1345077844_2589681474_8228683608_8228683609,0,0,5
2955,cluster_1345077844_2589681474_8228683608_8228683609,0,0,5
2960,cluster_1345077844_2589681474_8228683608_8228683609,0,0,5
2965,cluster_1345077844_2589681474_8228683608_8228683609,0,0,5
2970,cluster_1345077844_2589681474_8228683608_8228683609,0,0,5
2975,cluster_1345077844_2589681474_8228683608_8228683609,0,0,5
2980,cluster_1345077844_2589681474_8228683608_8228683609,0,0,5
2985,cluster_1345077844_2589681474_8228683608_8228683609,0,0,5
2990,cluster_1345077844_2589681474_8228683608_8228683609,0,0,5
2995,cluster_1345077844_2589681474_8228683608_8228683609,0,0,5
3000,cluster_1345077844_2589681474_8228683608_8228683609,0,0,5
3005,cluster_1345077844_2589681474_8228683608_8228683609,0,0,5
3010,cluster_1345077844_2589681474_8228683608_8228683609,0,0,5
3015,cluster_1345077844_2589681474_8228683608_8228683609,0,0,5
3020,cluster_1345077844_2589681474_8228683608_8228683609,6,1,6
3030,cluster_1345077844_2589681474_8228683608_8228683609,0,0,5
3035,cluster_1345077844_2589681474_8228683608_8228683609,0,0,5
3040,cluster_1345077844_2589681474_8228683608_8228683609,0,0,5
3045,cluster_1345077844_2589681474_8228683608_8228683609,0,0,5
3050,cluster_1345077844_2589681474_8228683608_8228683609,0,0,5
3055,cluster_1345077844_2589681474_8228683608_8228683609,0,0,5
3060,cluster_1345077844_2589681474_8228683608_8228683609,0,0,5
3065,cluster_1345077844_2589681474_8228683608_8228683609,0,0,5
3070,cluster_1345077844_2589681474_8228683608_8228683609,0,0,5
3075,cluster_1345077844_2589681474_8228683608_8228683609,0,0,5
3080,cluster_1345077844_2589681474_8228683608_8228683609,0,0,5
3085,cluster_1345077844_2589681474_8228683608_8228683609,0,0,5
3090,cluster_1345077844_2589681474_8228683608_8228683609,0,0,5
3095,cluster_1345077844_2589681474_8228683608_8228683609,0,0,5
3100,cluster_1345077844_2589681474_8228683608_8228683609,0,0,5
3105,cluster_1345077844_2589681474_8228683608_8228683609,0,0,5
3110,cluster_1345077844_2589681474_8228683608_8228683609,0,0,5
3115,cluster_1345077844_2589681474_8228683608_8228683609,0,0,5
3120,cluster_1345077844_2589681474_8228683608_8228683609,0,0,5
3125,cluster_1345077844_2589681474_8228683608_8228683609,4,1,6
3135,cluster_1345077844_2589681474_8228683608_8228683609,0,0,5
3140,cluster_1345077844_2589681474_8228683608_8228683609,0,0,5
3145,cluster_1345077844_2589681474_8228683608_8228683609,0,0,5
3150,cluster_1345077844_2589681474_8228683608_8228683609,0,0,5
3155,cluster_1345077844_2589681474_8228683608_8228683609,0,0,5
3160,cluster_1345077844_2589681474_8228683608_8228683609,0,0,5
3165,cluster_1345077844_2589681474_8228683608_8228683609,0,0,5
3170,cluster_1345077844_2589681474_8228683608_8228683609,0,0,5
3175,cluster_1345077844_2589681474_8228683608_8228683609,0,0,5
3180,cluster_1345077844_2589681474_8228683608_8228683609,0,0,5
3185,cluster_1345077844_2589681474_8228683608_8228683609,0,0,5
3190,cluster_1345077844_2589681474_8228683608_8228683609,0,0,5
3195,cluster_1345077844_2589681474_8228683608_8228683609,0,0,5
3200,cluster_1345077844_2589681474_8228683608_8228683609,0,0,5
3205,cluster_1345077844_2589681474_8228683608_8228683609,0,0,5
3210,cluster_1345077844_2589681474_8228683608_8228683609,0,0,5
3215,cluster_1345077844_2589681474_8228683608_8228683609,0,0,5
3220,cluster_1345077844_2589681474_8228683608_8228683609,0,1,6
3230,cluster_1345077844_2589681474_8228683608_8228683609,0,0,5
3235,cluster_1345077844_2589681474_8228683608_8228683609,0,0,5
3240,cluster_1345077844_2589681474_8228683608_8228683609,0,0,5
3245,cluster_1345077844_2589681474_8228683608_8228683609,0,0,5
3250,cluster_1345077844_2589681474_8228683608_8228683609,0,0,5
3255,cluster_1345077844_2589681474_8228683608_8228683609,0,0,5
3260,cluster_1345077844_2589681474_8228683608_8228683609,0,0,5
3265,cluster_1345077844_2589681474_8228683608_8228683609,0,0,5
3270,cluster_1345077844_2589681474_8228683608_8228683609,0,0,5
3275,cluster_1345077844_2589681474_8228683608_8228683609,0,0,5
3280,cluster_1345077844_2589681474_8228683608_8228683609,0,0,5
3285,cluster_1345077844_2589681474_8228683608_8228683609,0,0,5
3290,cluster_1345077844_2589681474_8228683608_8228683609,0,0,5
3295,cluster_1345077844_2589681474_8228683608_8228683609,0,0,5
3300,cluster_1345077844_2589681474_8228683608_8228683609,0,0,5
3305,cluster_1345077844_2589681474_8228683608_8228683609,0,0,5
3310,cluster_1345077844_2589681474_8228683608_8228683609,0,0,5
3315,cluster_1345077844_2589681474_8228683608_8228683609,0,0,5
3320,cluster_1345077844_2589681474_8228683608_8228683609,0,1,6
3330,cluster_1345077844_2589681474_8228683608_8228683609,0,0,5
3335,cluster_1345077844_2589681474_8228683608_8228683609,0,0,5
3340,cluster_1345077844_2589681474_8228683608_8228683609,0,0,5
3345,cluster_1345077844_2589681474_8228683608_8228683609,0,0,5
3350,cluster_1345077844_2589681474_8228683608_8228683609,0,0,5
3355,cluster_1345077844_2589681474_8228683608_8228683609,0,0,5
3360,cluster_1345077844_2589681474_8228683608_8228683609,0,0,5
3365,cluster_1345077844_2589681474_8228683608_8228683609,0,0,5
3370,cluster_1345077844_2589681474_8228683608_8228683609,0,0,5
3375,cluster_1345077844_2589681474_8228683608_8228683609,0,0,5
3380,cluster_1345077844_2589681474_8228683608_8228683609,0,0,5
3385,cluster_1345077844_2589681474_8228683608_8228683609,0,0,5
3390,cluster_1345077844_2589681474_8228683608_8228683609,0,0,5
3395,cluster_1345077844_2589681474_8228683608_8228683609,0,0,5
3400,cluster_1345077844_2589681474_8228683608_8228683609,0,0,5
3405,cluster_1345077844_2589681474_8228683608_8228683609,0,0,5
3410,cluster_1345077844_2589681474_8228683608_8228683609,0,0,5
3415,cluster_1345077844_2589681474_8228683608_8228683609,0,0,5
3420,cluster_1345077844_2589681474_8228683608_8228683609,0,0,5
3425,cluster_1345077844_2589681474_8228683608_8228683609,0,0,5
3430,cluster_1345077844_2589681474_8228683608_8228683609,0,0,5
3435,cluster_1345077844_2589681474_8228683608_8228683609,2,1,6
3445,cluster_1345077844_2589681474_8228683608_8228683609,0,0,5
3450,cluster_1345077844_2589681474_8228683608_8228683609,0,0,5
3455,cluster_1345077844_2589681474_8228683608_8228683609,0,0,5
3460,cluster_1345077844_2589681474_8228683608_8228683609,0,0,5
3465,cluster_1345077844_2589681474_8228683608_8228683609,0,0,5
3470,cluster_1345077844_2589681474_8228683608_8228683609,0,0,5
3475,cluster_1345077844_2589681474_8228683608_8228683609,0,0,5
3480,cluster_1345077844_2589681474_8228683608_8228683609,0,0,5
3485,cluster_1345077844_2589681474_8228683608_8228683609,0,0,5
3490,cluster_1345077844_2589681474_8228683608_8228683609,0,0,5
3495,cluster_1345077844_2589681474_8228683608_8228683609,0,0,5
3500,cluster_1345077844_2589681474_8228683608_8228683609,0,0,5
3505,cluster_1345077844_2589681474_8228683608_8228683609,0,0,5
3510,cluster_1345077844_2589681474_8228683608_8228683609,0,0,5
3515,cluster_1345077844_2589681474_8228683608_8228683609,0,0,5
3520,cluster_1345077844_2589681474_8228683608_8228683609,0,0,5
3525,cluster_1345077844_2589681474_8228683608_8228683609,4,1,6
0,cluster_1345077844_2589681474_8228683608_8228683609,0,0,5
5,cluster_1345077844_2589681474_8228683608_8228683609,0,1,6
15,cluster_1345077844_2589681474_8228683608_8228683609,0,0,5
20,cluster_1345077844_2589681474_8228683608_8228683609,0,0,5
25,cluster_1345077844_2589681474_8228683608_8228683609,0,0,5
30,cluster_1345077844_2589681474_8228683608_8228683609,0,0,5
35,cluster_1345077844_2589681474_8228683608_8228683609,0,0,5
40,cluster_1345077844_2589681474_8228683608_8228683609,0,0,5
45,cluster_1345077844_2589681474_8228683608_8228683609,0,0,5
50,cluster_1345077844_2589681474_8228683608_8228683609,0,0,5
55,cluster_1345077844_2589681474_8228683608_8228683609,0,0,5
60,cluster_1345077844_2589681474_8228683608_8228683609,0,0,5
65,cluster_1345077844_2589681474_8228683608_8228683609,0,0,5
70,cluster_1345077844_2589681474_8228683608_8228683609,0,0,5
75,cluster_1345077844_2589681474_8228683608_8228683609,0,0,5
80,cluster_1345077844_2589681474_8228683608_8228683609,0,0,5
85,cluster_1345077844_2589681474_8228683608_8228683609,0,0,5
90,cluster_1345077844_2589681474_8228683608_8228683609,0,0,5
95,cluster_1345077844_2589681474_8228683608_8228683609,0,0,5
100,cluster_1345077844_2589681474_8228683608_8228683609,0,0,5
105,cluster_1345077844_2589681474_8228683608_8228683609,0,0,5
110,cluster_1345077844_2589681474_8228683608_8228683609,0,0,5
115,cluster_1345077844_2589681474_8228683608_8228683609,0,0,5
120,cluster_1345077844_2589681474_8228683608_8228683609,0,0,5
125,cluster_1345077844_2589681474_8228683608_8228683609,2,1,6
135,cluster_1345077844_2589681474_8228683608_8228683609,0,0,5
140,cluster_1345077844_2589681474_8228683608_8228683609,0,0,5
145,cluster_1345077844_2589681474_8228683608_8228683609,0,0,5
150,cluster_1345077844_2589681474_8228683608_8228683609,0,0,5
155,cluster_1345077844_2589681474_8228683608_8228683609,0,0,5
160,cluster_1345077844_2589681474_8228683608_8228683609,0,0,5
165,cluster_1345077844_2589681474_8228683608_8228683609,0,0,5
170,cluster_1345077844_2589681474_8228683608_8228683609,0,0,5
175,cluster_1345077844_2589681474_8228683608_8228683609,0,0,5
180,cluster_1345077844_2589681474_8228683608_8228683609,0,0,5
185,cluster_1345077844_2589681474_8228683608_8228683609,0,0,5
190,cluster_1345077844_2589681474_8228683608_8228683609,0,0,5
195,cluster_1345077844_2589681474_8228683608_8228683609,0,0,5
200,cluster_1345077844_2589681474_8228683608_8228683609,0,0,5
205,cluster_1345077844_2589681474_8228683608_8228683609,0,0,5
210,cluster_1345077844_2589681474_8228683608_8228683609,0,0,5
215,cluster_1345077844_2589681474_8228683608_8228683609,0,0,5
220,cluster_1345077844_2589681474_8228683608_8228683609,0,0,5
225,cluster_1345077844_2589681474_8228683608_8228683609,4,1,6
235,cluster_1345077844_2589681474_8228683608_8228683609,0,0,5
240,cluster_1345077844_2589681474_8228683608_8228683609,0,0,5
245,cluster_1345077844_2589681474_8228683608_8228683609,0,0,5
250,cluster_1345077844_2589681474_8228683608_8228683609,0,0,5
255,cluster_1345077844_2589681474_8228683608_8228683609,0,0,5
260,cluster_1345077844_2589681474_8228683608_8228683609,0,0,5
265,cluster_1345077844_2589681474_8228683608_8228683609,0,0,5
270,cluster_1345077844_2589681474_8228683608_8228683609,0,0,5
275,cluster_1345077844_2589681474_8228683608_8228683609,0,0,5
280,cluster_1345077844_2589681474_8228683608_8228683609,0,0,5
285,cluster_1345077844_2589681474_8228683608_8228683609,0,0,5
290,cluster_1345077844_2589681474_8228683608_8228683609,0,0,5
295,cluster_1345077844_2589681474_8228683608_8228683609,0,0,5
300,cluster_1345077844_2589681474_8228683608_8228683609,0,0,5
305,cluster_1345077844_2589681474_8228683608_8228683609,0,0,5
310,cluster_1345077844_2589681474_8228683608_8228683609,6,1,6
320,cluster_1345077844_2589681474_8228683608_8228683609,0,0,5
325,cluster_1345077844_2589681474_8228683608_8228683609,0,0,5
330,cluster_1345077844_2589681474_8228683608_8228683609,0,0,5
335,cluster_1345077844_2589681474_8228683608_8228683609,0,0,5
340,cluster_1345077844_2589681474_8228683608_8228683609,0,0,5
345,cluster_1345077844_2589681474_8228683608_8228683609,0,0,5
350,cluster_1345077844_2589681474_8228683608_8228683609,0,0,5
355,cluster_1345077844_2589681474_8228683608_8228683609,0,0,5
360,cluster_1345077844_2589681474_8228683608_8228683609,0,0,5
365,cluster_1345077844_2589681474_8228683608_8228683609,0,0,5
370,cluster_1345077844_2589681474_8228683608_8228683609,0,0,5
375,cluster_1345077844_2589681474_8228683608_8228683609,0,0,5
380,cluster_1345077844_2589681474_8228683608_8228683609,0,0,5
385,cluster_1345077844_2589681474_8228683608_8228683609,0,0,5
390,cluster_1345077844_2589681474_8228683608_8228683609,0,0,5
395,cluster_1345077844_2589681474_8228683608_8228683609,0,0,5
400,cluster_1345077844_2589681474_8228683608_8228683609,0,0,5
405,cluster_1345077844_2589681474_8228683608_8228683609,0,0,5
410,cluster_1345077844_2589681474_8228683608_8228683609,0,0,5
415,cluster_1345077844_2589681474_8228683608_8228683609,0,0,5
420,cluster_1345077844_2589681474_8228683608_8228683609,0,0,5
425,cluster_1345077844_2589681474_8228683608_8228683609,2,1,6
435,cluster_1345077844_2589681474_8228683608_8228683609,0,0,5
440,cluster_1345077844_2589681474_8228683608_8228683609,0,0,5
445,cluster_1345077844_2589681474_8228683608_8228683609,0,0,5
450,cluster_1345077844_2589681474_8228683608_8228683609,0,0,5
455,cluster_1345077844_2589681474_8228683608_8228683609,0,0,5
460,cluster_1345077844_2589681474_8228683608_8228683609,0,0,5
465,cluster_1345077844_2589681474_8228683608_8228683609,0,0,5
470,cluster_1345077844_2589681474_8228683608_8228683609,0,0,5
475,cluster_1345077844_2589681474_8228683608_8228683609,0,0,5
480,cluster_1345077844_2589681474_8228683608_8228683609,0,0,5
485,cluster_1345077844_2589681474_8228683608_8228683609,0,0,5
490,cluster_1345077844_2589681474_8228683608_8228683609,0,0,5
495,cluster_1345077844_2589681474_8228683608_8228683609,0,0,5
500,cluster_1345077844_2589681474_8228683608_8228683609,0,0,5
505,cluster_1345077844_2589681474_8228683608_8228683609,0,0,5
510,cluster_1345077844_2589681474_8228683608_8228683609,0,1,6
520,cluster_1345077844_2589681474_8228683608_8228683609,0,0,5
525,cluster_1345077844_2589681474_8228683608_8228683609,0,0,5
530,cluster_1345077844_2589681474_8228683608_8228683609,0,0,5
535,cluster_1345077844_2589681474_8228683608_8228683609,0,0,5
540,cluster_1345077844_2589681474_8228683608_8228683609,0,0,5
545,cluster_1345077844_2589681474_8228683608_8228683609,0,0,5
550,cluster_1345077844_2589681474_8228683608_8228683609,0,0,5
555,cluster_1345077844_2589681474_8228683608_8228683609,0,0,5
560,cluster_1345077844_2589681474_8228683608_8228683609,0,0,5
565,cluster_1345077844_2589681474_8228683608_8228683609,0,0,5
570,cluster_1345077844_2589681474_8228683608_8228683609,0,0,5
575,cluster_1345077844_2589681474_8228683608_8228683609,0,0,5
580,cluster_1345077844_2589681474_8228683608_8228683609,0,0,5
585,cluster_1345077844_2589681474_8228683608_8228683609,0,0,5
590,cluster_1345077844_2589681474_8228683608_8228683609,0,0,5
595,cluster_1345077844_2589681474_8228683608_8228683609,0,0,5
600,cluster_1345077844_2589681474_8228683608_8228683609,0,0,5
605,cluster_1345077844_2589681474_8228683608_8228683609,0,0,5
610,cluster_1345077844_2589681474_8228683608_8228683609,0,0,5
615,cluster_1345077844_2589681474_8228683608_8228683609,4,1,6
625,cluster_1345077844_2589681474_8228683608_8228683609,0,0,5
630,cluster_1345077844_2589681474_8228683608_8228683609,0,0,5
635,cluster_1345077844_2589681474_8228683608_8228683609,0,0,5
